element,Atomic weight (g/mol),Atomic number,Period,Group,Quantum number ℓ,Metal(1)/metalloid(2)/nonmetal(3),Mendeleev_number,Families,Valence_s,Valence_p,Valence_d,Valence_f,Unfilled_s,Unfilled_p,Unfilled_d,Unfilled_f,No. of valence electrons,Outer shell electrons,Gilman no. of valence electrons,Metallic valence,Zeff,Ionization energy (kJ/mol),Electron affinity (kJ/mol),Pauling EN,Martynov Batsanov EN,Mulliken EN,Allred EN,Allred Rockow EN,Nagle EN,Ghosh EN,Atomic radius calculated (m),Covalent radius(m),Effective ionic radius(m),Miracle radius (m),van der Waals radius (m),Slater radius(m),"Pauling, R(CN12) (m)","Pauling, R(1) (m)",Polarizability (m^3),Boiling point (K),Density (g/L),Specific heat (kJ/g K),Heat of fusion (kJ/mol),Heat of vaporization (kJ/mol),Heat of atomization (kJ/mol),Thermal conductivity (W/m K),Thermal expansion (1/K),Cohesive energy (kJ/mol),Bulk modulus (Pa),Shear modulus (Pa),Young's modulus (Pa),Hardness Vickers (Pa),Hardness Brinell (Pa),Resistivity (Ω),Electrical Conductivity (S/m),DFT LDA Etot (kJ/mol),DFT LDA Ekin (kJ/mol),DFT LDA Ecoul (kJ/mol),DFT LDA Eenuc (kJ/mol),DFT LDA Exc (kJ/mol),DFT LSD Etot (kJ/mol),DFT LSD Ekin (kJ/mol),DFT LSD Ecoul (kJ/mol),DFT LSD Eenuc (kJ/mol),DFT LSD Exc (kJ/mol),DFT RLDA Etot (kJ/mol),DFT RLDA Ekin (kJ/mol),DFT RLDA Ecoul (kJ/mol),DFT RLDA Eenuc (kJ/mol),DFT RLDA Exc (kJ/mol),DFT ScRLDA Etot (kJ/mol),DFT ScRLDA Ekin (kJ/mol),DFT ScRLDA Ecoul (kJ/mol),DFT ScRLDA Eenuc (kJ/mol),DFT ScRLDA Exc (kJ/mol)
H,1.008,1,1,1,0,3,92,7,1,0,0,0,1,6,10,14,1,1,1,0,1,1312.007109,73.0393721,2.2,2.1,7.18,2.2,2.3,2.27,8.22,5.3E-11,3.7E-11,1E-11,5.1E-11,1.2E-10,2.5E-11,,,7E-31,20.25,0.08988,0.014304,0.5868,0.44936,218,0.1815,,0,200000000,,,,,,,-1170.109211,1115.908389,742.5622885,-2418.082875,-610.4943875,-1256.750711,1225.171197,783.3888135,-2535.232685,-730.078036,-1170.101334,1115.89001,742.554412,-2418.077624,-610.470758,-1170.101334,1115.89001,742.554412,-2418.074998,-610.4681325
He,4.003,2,1,18,0,3,98,9,2,0,0,0,0,6,10,14,2,2,2,0,1.344,2372.284071,-49.9793854,,,,,4.16,3.92,40.4,3.1E-11,3.2E-11,5.6E-11,1.19E-10,1.4E-10,3.1E-11,,,1.98E-31,4.25,0.1785,0.005193,0.02,0.0845,0,0.152,,,,,,,,,,-7442.861918,7267.179211,5240.81306,-17395.41828,-2555.435907,-7442.861918,7267.179211,5240.81306,-17395.41828,-2555.435907,-7442.728018,7266.788012,5240.592518,-17395.23975,-2554.868799,-7442.728018,7266.730251,5240.576765,-17395.17411,-2554.863548
Li,6.941,3,2,1,0,1,1,1,1,0,0,0,1,6,10,14,1,1,1,1,1.259,520.2487376,60.0138566,0.98,0.9,3.01,0.98,0.912,0.94,1.13,1.67E-10,1.34E-10,7.6E-11,1.52E-10,1.82E-10,1.45E-10,1.549E-10,1.225E-10,2.43E-29,1615.15,534,0.0036,3,145.92,161,84.7,0.000046,157.271039,11600000000,4200000000,4900000000,,5000000,9.4E-11,11000000,-19258.55447,19002.01424,10477.72725,-44399.93815,-4338.357822,-19281.5591,19034.59145,10526.30688,-44470.50371,-4371.95372,-19258.64899,19002.2978,10477.66162,-44402.23808,-4336.367693,-19258.64899,19002.00637,10477.59335,-44401.9099,-4336.338812
Be,9.012,4,2,2,0,1,67,2,2,0,0,0,0,6,10,14,2,2,2,2,1.656,899.5324519,-50.0758707,1.57,1.45,4.9,1.57,1.576,1.55,3.81,1.12E-10,9E-11,4.5E-11,1.12E-10,1.53E-10,1.05E-10,1.123E-10,8.89E-11,5.6E-30,3243.15,1850,0.00182,7.95,292.4,324,200,0.0000113,320.331196,1.1E+11,1.32E+11,2.87E+11,1670000000,600000000,4E-11,25000000,-37931.14723,37569.39271,18681.10725,-87578.89277,-6602.754428,-37931.14723,37569.39271,18681.10725,-87578.89277,-6602.754428,-37933.21612,37575.59677,18682.378,-87593.31201,-6597.876249,-37933.21612,37574.51769,18682.1312,-87592.07803,-6597.786982
B,10.811,5,2,13,1,2,72,6,2,1,0,0,0,5,10,14,3,3,3,3,1.561,800.6350194,27.015884,2.04,1.9,4.29,2.04,2.051,2.02,9.04,8.7E-11,8.2E-11,2.7E-11,7.8E-11,1.8E-10,8.5E-11,9.8E-11,8E-11,3E-30,4275,2370,0.00102,50.2,489.7,573,27,0.000006,560.579593,1.78E+11,1.967E+11,4E+11,49000000000,,10,0.0001,-63915.69185,63434.8289,30201.13175,-148300.2832,-9251.36933,-63940.41356,63464.7701,30267.37837,-148384.7009,-9287.861155,-63923.91754,63459.51385,30205.74738,-148347.4582,-9241.720618,-63923.91754,63456.71244,30205.18815,-148344.2839,-9241.531582
C,12.011,6,2,14,1,3,77,7,2,2,0,0,0,4,10,14,4,4,4,4,1.819,1086.424478,122.0539045,2.55,2.37,6.27,2.55,2.544,2.55,17.6,6.7E-11,7.7E-11,1.6E-11,7.7E-11,1.7E-10,7E-11,9.14E-11,7.71E-11,1.8E-30,5100.15,2267,0.00071,105,355.8,717,129,0.0000071,711.096661,4.43E+11,,,,,0.00000001,100000,-98261.304,97643.37157,46282.30612,-229771.7142,-12415.26486,-98377.56639,97780.60908,46531.16939,-230115.7177,-12573.62715,-98283.41596,97709.77047,46293.62465,-229888.3914,-12398.41965,-98283.41334,97703.56378,46292.52457,-229881.426,-12398.07571
N,14.007,7,2,15,1,3,82,7,2,3,0,0,0,3,10,14,5,5,5,3,2.068,1402.31735,-0.0964853,3.04,2.85,7.3,3.04,3.066,3.12,30.5,5.6E-11,7.5E-11,1.46E-10,7.2E-11,1.55E-10,6.5E-11,8.8E-11,7E-11,1.1E-30,77.35,1.2506,0.00104,0.3604,2.7928,473,0.02598,,474.707676,1200000000,,,,,,,-141842.6795,141072.6492,67737.49305,-334531.3092,-16121.51255,-142136.1658,141412.5202,68276.35067,-335323.1889,-16501.85036,-141891.1672,141218.3067,67760.67359,-334775.6724,-16094.47253,-141891.162,141206.001,67758.69659,-334761.9647,-16093.89492
O,15.999,8,2,16,1,3,87,7,2,4,0,0,0,2,10,14,6,6,6,0,2.001,1313.936815,140.9650233,3.44,3.32,7.54,3.44,3.61,3.62,48.4,4.8E-11,7.3E-11,1.4E-10,6.4E-11,1.52E-10,6E-11,,6.6E-11,7.93E-31,90.15,1.429,0.00092,0.22259,3.4099,249,0.02674,,252.791486,2246948680,,,,,,,-195529.0637,194593.8711,95387.3083,-465114.0935,-20396.14949,-195671.715,194756.4735,95594.12156,-465446.8704,-20575.43964,-195622.4685,194874.5974,95429.83615,-465571.6105,-20355.29146,-195622.4553,194852.11,95426.52014,-465546.7077,-20354.37779
F,18.998,9,2,17,1,3,93,8,2,5,0,0,0,1,10,14,7,7,7,0,2.263,1681.063382,328.05002,3.98,3.78,10.41,3.98,4.193,4.23,72.3,4.2E-11,7.1E-11,1.33E-10,6.6E-11,1.47E-10,5E-11,,6.4E-11,6.34E-31,85.05,1.696,0.00082,0.2552,3.2698,79,0.0279,,81.047652,2200000000,,,,,,,-260186.1258,259074.1819,130055.1533,-624052.0652,-25263.39853,-260224.3111,259117.1588,130102.9007,-624133.9781,-25310.39236,-260350.4585,259568.2905,130127.4701,-624841.8129,-25204.4088,-260350.4217,259529.7141,130122.1928,-624799.293,-25203.03304
Ne,20.18,10,2,18,1,3,99,9,2,6,0,0,0,0,10,14,8,8,8,0,2.518,2080.705495,-120.0277132,,,,,4.789,4.89,98,3.8E-11,6.9E-11,1.02E-10,1.31E-10,1.54E-10,3.8E-11,,,3.96E-31,25.15,0.8999,0.000904,0.3317,1.7326,0,0.0493,,1.929706,,,,,,,,-336677.0044,335377.8702,172564.8942,-813874.0349,-30745.73397,-336677.0044,335377.8702,172564.8942,-813874.0349,-30745.73397,-336947.2261,336190.7408,172681.0779,-815155.5283,-30663.51643,-336947.1368,336127.8207,172673.0307,-815086.4592,-30661.52893
Na,22.99,11,3,1,0,1,2,1,1,0,0,0,1,6,10,14,1,1,1,1,1.842,495.8379567,52.9704297,0.93,0.89,2.85,0.93,0.869,0.95,1.08,1.9E-10,1.54E-10,7.2E-11,1.8E-10,2.27E-10,1.8E-10,1.896E-10,1.572E-10,2.36E-29,1156.15,970,0.00123,2.598,96.96,109,141,0.00007,107.3881389,6800000000,3300000000,10000000000,,690000,4.7E-11,21000000,-423860.8775,422433.9472,209337.6709,-1020128.5,-35503.9985,-423880.7394,422461.998,209475.2655,-1020285.111,-35532.89476,-424285.2397,423711.0166,209527.5838,-1022129.847,-35393.99005,-424285.0612,423610.2972,209514.7267,-1022019.049,-35391.03374
Mg,24.305,12,3,2,0,1,68,2,2,0,0,0,0,6,10,14,2,2,2,2,2.248,737.7266038,-39.9449142,1.31,1.31,3.75,1.31,1.293,1.32,2.35,1.45E-10,1.3E-10,5.4E-11,1.6E-10,1.73E-10,1.5E-10,1.598E-10,1.364E-10,1.06E-29,1363.15,1740,0.00102,8.954,127.4,148,156,0.0000248,145.692803,35600000000,17000000000,45000000000,,260000000,4.4E-11,23000000,-522840.5105,521270.7214,251190.2229,-1254724.216,-40577.2364,-522840.5105,521270.7214,251190.2229,-1254724.216,-40577.2364,-523479.9746,523196.0058,251482.126,-1257724.574,-40433.52966,-523479.6438,523040.101,251462.6238,-1257553.095,-40429.27372
Al,26.982,13,3,13,1,1,73,5,2,1,0,0,0,5,10,14,3,3,3,3,1.989,577.5610058,41.9711055,1.61,1.64,3.23,1.61,1.613,1.55,4.35,1.18E-10,1.18E-10,4E-11,1.41E-10,1.84E-10,1.25E-10,1.429E-10,1.248E-10,8.3E-30,2740.15,2700,0.0009,10.79,293.4,326,237,0.0000231,327.085167,75200000000,26000000000,70000000000,167000000,245000000,2.6E-11,38000000,-633574.0369,631861.9904,295817.0095,-1515453.715,-45799.32177,-633588.6951,631880.8415,295908.8075,-1515557.506,-45820.83774,-634502.8075,634659.7967,296227.9895,-1519775.887,-45614.70711,-634502.2247,634428.2092,296199.8231,-1519521.442,-45608.81286
Si,28.086,14,3,14,1,3,78,6,2,2,0,0,0,4,10,14,4,4,4,4,2.321,786.5481656,133.9215964,1.9,1.98,4.77,1.9,1.916,1.87,7.26,1.11E-10,1.11E-10,4.4E-11,1.1E-10,2.1E-10,1.1E-10,1.316E-10,1.173E-10,5.4E-30,2628.15,2329.6,0.00071,50.55,384.22,452,148,0.0000026,446.726939,98000000000,60000000000,47000000000,9630130300,2300000000,0.000001,1000,-756664.8913,754799.0614,345956.3957,-1806083.222,-51337.12614,-756729.3421,754879.4411,346255.5294,-1806439.744,-51424.56842,-757973.7766,758744.1009,346520.1614,-1812133.527,-51104.51209,-757972.7947,758410.7202,346480.8183,-1811767.758,-51096.5752
P,30.974,15,3,15,1,3,83,7,2,3,0,0,0,3,10,14,5,5,5,3,3.412,1011.841341,71.9780338,2.19,2.32,5.62,2.19,2.253,2.22,11.2,9.8E-11,1.06E-10,1.84E-10,1.02E-10,1.8E-10,1E-10,1.28E-10,1.1E-10,3.6E-30,553.15,1820,0.00077,0.657,12.129,315,0.235,,330.944579,30400000000,,,,,1E-10,10000000,-892528.798,890499.9166,401872.1759,-2127705.463,-57195.42792,-892685.2121,890690.78,402453.8291,-2128432.461,-57397.363,-894326.7351,895922.115,402628.4354,-2135970.143,-56907.14014,-894325.1388,895454.8153,402574.9198,-2135458.178,-56896.69328
S,32.066,16,3,16,1,3,88,7,2,4,0,0,0,2,10,14,6,6,6,2,2.617,999.587708,199.9175416,2.58,2.65,6.22,2.58,2.589,2.49,16.4,8.8E-11,1.02E-10,1.81E-10,1.03E-10,1.8E-10,1E-10,1.27E-10,1.04E-10,2.9E-30,717.85,2067,0.00071,1.7175,9.8,279,0.269,,274.983105,7700000000,,,,,1E+12,1E-15,-1040000,1039378.064,463894.2127,-2481468.102,-63382.24538,-1041651.235,1039465.454,464111.2838,-2481754.566,-63473.408,-1043994.066,1046668.618,464889.5582,-2492522.187,-63030.05294,-1043991.551,1046028.385,464818.352,-2491821.717,-63016.571
Cl,35.453,17,3,17,1,3,94,8,2,5,0,0,0,1,10,14,7,7,7,0,2.928,1251.22137,349.0838154,3.16,2.98,8.3,3.16,2.869,2.82,23,7.9E-11,9.9E-11,1.38E-10,1.05E-10,1.75E-10,1E-10,,9.94E-11,2.2E-30,238.55,3.214,0.00048,3.23,10.2,121,0.0089,,135.07942,1100000000,,,,,0.1,0.01,-1204222.802,1201844.398,532378.7708,-2868539.891,-69906.07991,-1204241.926,1201866.901,532427.0301,-2868606.505,-69929.35234,-1207407.946,1211462.054,533667.5132,-2883056.32,-69481.19262,-1207404.097,1210602.042,533574.5206,-2882116.567,-69464.09011
Ar,39.948,18,3,18,1,3,100,9,2,6,0,0,0,0,10,14,8,8,8,0,3.228,1520.608328,-96.0028735,,,,,3.242,3.18,31.2,7.1E-11,9.7E-11,1.3E-10,1.75E-10,1.88E-10,7.1E-11,,,1.586E-30,87.45,1.7837,0.00052,1.188,6.447,0,0.01772,,7.718824,,,,,,,,-1380871.735,1378308.241,607693.3046,-3290098.019,-76775.2622,-1380871.735,1378308.241,607693.3046,-3290098.019,-76775.2622,-1385001.263,1390785.83,609338.3378,-3308857.093,-76268.34116,-1384995.519,1389650.359,609218.8277,-3307617.739,-76246.96434
K,39.098,19,4,1,0,1,3,1,1,0,0,0,1,6,10,14,1,1,1,1,1.694,418.8426873,47.9531941,0.82,0.8,2.42,0.82,0.734,0.84,0.467,2.43E-10,1.96E-10,1.38E-10,2.3E-10,2.75E-10,2.2E-10,2.349E-10,2.025E-10,4.34E-29,1033.15,890,0.00075,2.334,79.87,90,102.4,0.000083,90.1,3200000000,1300000000,3530000000,,363000,7E-11,14000000,-1570575.649,1567875.427,675755.1913,-3731108.854,-83097.41369,-1570589.937,1567896.006,675900.8435,-3731268.534,-83118.25491,-1575854.487,1583836.635,677856.3448,-3755047.362,-82500.10456,-1575846.175,1582357.058,677703.3753,-3753433.016,-82473.58964
Ca,40.078,20,4,2,0,1,7,2,2,0,0,0,0,6,10,14,2,2,2,2,2.68,589.8146389,2.0261913,1,1.17,2.2,1,1.034,1.11,1.02,1.94E-10,1.74E-10,1E-10,2.01E-10,2.31E-10,1.8E-10,1.97E-10,1.736E-10,2.28E-29,1757.15,1540,0.00063,8.54,153.3,178,200,0.0000223,177.532952,17200000000,7400000000,20000000000,,167000000,3.4E-11,29000000,-1774161.364,1771312.83,748808.6943,-4204641.655,-89641.23352,-1774161.364,1771312.83,748808.6943,-4204641.655,-89641.23352,-1780822.423,1791467.854,751449.0625,-4234796.069,-88943.2706,-1780810.653,1789564.92,751256.2195,-4232721.018,-88910.77479
Sc,44.956,21,4,3,2,1,11,3,2,0,1,0,0,6,9,14,3,2,1,3,2.777,633.1365386,18.0427511,1.36,1.5,3.34,1.36,1.19,1.17,1.18,1.84E-10,1.44E-10,7.5E-11,1.62E-10,2.3E-10,1.6E-10,1.62E-10,1.439E-10,1.78E-29,3105.15,2990,0.0006,14.1,314.2,378,15.8,0.0000102,376.29267,56600000000,29000000000,74000000000,,750000000,5.5E-10,1800000,-1991912.437,1988882.413,836368.1531,-4720265.181,-96897.82146,-1991928.119,1988900.568,836499.3704,-4720406.784,-96921.2698,-2000201.66,2013983.713,839462.1106,-4757567.227,-96080.25389,-2000185.324,2011583.73,839225.0017,-4754952.788,-96041.26784
Ti,47.867,22,4,4,2,1,43,4,2,0,2,0,0,6,8,14,4,2,2,4,2.833,658.8016284,8.0082799,1.54,1.86,3.45,1.54,1.38,1.23,1.37,1.76E-10,1.36E-10,8.6E-11,1.42E-10,2.15E-10,1.4E-10,1.467E-10,1.324E-10,1.46E-29,3560.15,4500,0.00052,15.45,421,470,21.9,0.0000086,467.953705,1.08E+11,44000000000,1.16E+11,970000000,715000000,4E-10,2500000,-2224526.331,2221305.674,932662.5481,-5273949.099,-104545.4566,-2224595.242,2221384.505,933088.9896,-5274428.397,-104640.3396,-2234727.047,2252220.522,936308.3777,-5319658.503,-103597.4437,-2234704.769,2249232.031,936021.8727,-5316407.378,-103551.2927
V,50.942,23,4,5,2,1,46,4,2,0,3,0,0,6,7,14,5,2,3,5,2.816,650.8898338,51.0407237,1.63,2.22,3.6,1.63,1.53,1.27,1.58,1.71E-10,1.25E-10,7.9E-11,1.34E-10,2.05E-10,1.35E-10,1.338E-10,1.224E-10,1.24E-29,3653.15,6000,0.00049,20.9,453,514,30.7,0.0000084,512.336943,1.58E+11,47000000000,1.28E+11,628000000,628000000,2E-10,5000000,-1991912.437,1988882.413,836368.1531,-4720265.181,-96897.82146,-2472544.157,2469148.201,1038346.206,-5867260.127,-112778.4365,-2484806.239,2506657.696,1041779.961,-5921775.14,-111468.7557,-2484776.319,2502977.196,1041437.898,-5917776.719,-111414.6941
Cr,51.996,24,4,6,2,1,49,4,1,0,5,0,1,6,5,14,6,1,4,5.78,2.82,652.9160251,65.0310922,1.66,2,3.72,1.66,1.65,1.29,1.8,1.66E-10,1.27E-10,8E-11,1.3E-10,2E-10,1.4E-10,1.357E-10,1.172E-10,1.16E-29,2945.15,7150,0.00045,16.9,344.3,397,93.7,0.0000049,395.58973,1.6E+11,1.15E+11,2.79E+11,1060000000,1120000000,1.3E-10,7900000,-2735850.39,2732207.451,1160124.4,-6506791.198,-121391.0427,-2736344.273,2732777.757,1162797.482,-6509893.161,-122026.3507,-2750836.878,2777706.027,1164844.658,-6573256.673,-120130.8893,-2750797.254,2773236.898,1164442.817,-6568408.482,-120068.4838
Mn,54.938,25,4,7,2,1,52,4,2,0,5,0,0,6,5,14,7,2,5,5.78,2.956,717.2717202,-49.9793854,1.55,2.04,3.72,1.55,1.75,1.36,2.05,1.61E-10,1.39E-10,8.3E-11,1.32E-10,1.96E-10,1.4E-10,1.306E-10,1.168E-10,9.4E-30,2235.15,7300,0.00048,12.05,226,281,7.82,0.0000217,281.737076,92600000000,76400000000,1.98E+11,4904000000,196000000,1.6E-09,620000,-3015253.826,3011424.521,1273591.082,-7170592.296,-129677.1365,-3015765.066,3011994.956,1275606.182,-7173051.717,-130314.4871,-3033224.954,3066033.062,1279394.472,-7250394.765,-128257.7229,-3033173.134,3060606.634,1278920.272,-7244514.622,-128185.4192
Fe,55.847,26,4,8,2,1,55,4,2,0,6,0,0,6,4,14,8,2,5,5.78,3.048,762.4268406,15.0517068,1.83,1.67,4.06,1.83,1.8,1.4,2.31,1.56E-10,1.25E-10,7.8E-11,1.25E-10,1.59E-10,1.4E-10,1.26E-10,1.165E-10,8.4E-30,3023.15,7874,0.00044,13.8,349.6,418,80.2,0.0000118,412.957084,1.66E+11,82000000000,2.11E+11,608000000,490000000,9.7E-11,10000000,-3310999.819,3306957.528,1405419.207,-7884593.062,-138783.4915,-3311341.751,3307336.76,1406567.952,-7886043.716,-139202.7471,-3332360.95,3371929.033,1412123.959,-7979236.519,-137177.4207,-3332293.955,3365420.715,1411571.998,-7972191.956,-137094.7122
Co,58.933,27,4,9,2,1,58,4,2,0,7,0,0,6,3,14,9,2,4,5.78,3.046,760.4006493,64.0662392,1.88,1.72,4.3,1.88,1.84,1.44,2.6,1.52E-10,1.26E-10,7.5E-11,1.25E-10,2E-10,1.35E-10,1.252E-10,1.157E-10,7.5E-30,3143.15,8860,0.00042,16.19,376.5,425,100,0.000013,423.570467,1.82E+11,76000000000,2.09E+11,1043000000,700000000,6E-11,17000000,-3623429.614,3619169.884,1546863.777,-8641203.639,-148259.6378,-3623629.244,3619390.143,1547456.651,-8641974.625,-148501.4122,-3648646.383,3695944.417,1554571.935,-8752711.888,-146450.8468,-3648560.676,3688194.589,1553933.621,-8744332.058,-146356.8277
Ni,58.693,28,4,10,2,1,61,4,2,0,8,0,0,6,2,14,10,2,3,5.78,2.996,737.147692,112.0194333,1.91,1.76,4.4,1.91,1.88,1.47,2.92,1.49E-10,1.21E-10,6E-11,1.28E-10,1.63E-10,1.35E-10,1.244E-10,1.149E-10,6.8E-30,3003.15,8912,0.00044,17.47,370.4,430,90.7,0.0000134,428.394732,1.77E+11,76000000000,2E+11,638000000,700000000,7E-11,14000000,-3952900.807,3948419.433,1698260.834,-9441471.401,-158109.6736,-3952992.461,3948520.092,1698506.752,-9441799.717,-158219.5876,-3982481.449,4038572.429,1707081.945,-9572054.516,-156081.3069,-3982372.853,4029404.876,1706348.065,-9562150.752,-155975.045
Cu,63.546,29,4,11,2,1,64,4,1,0,10,0,1,6,0,14,11,1,2,5.44,3.013,745.4454278,119.0628602,1.9,1.08,4.48,1.9,1.85,1.51,3.25,1.45E-10,1.38E-10,7.7E-11,1.27E-10,1.4E-10,1.35E-10,1.276E-10,1.173E-10,6.7E-30,2840.15,8933,0.00038,13.05,300.3,338,401,0.0000165,336.733697,1.38E+11,48000000000,1.3E+11,369000000,874000000,1.7E-11,59000000,-4300006.778,4295272.841,1874419.216,-10300701.29,-168997.5434,-4300026.461,4295298.608,1874605.708,-10300904.97,-169025.8095,-4334465.247,4400405.557,1883923.232,-10452083.6,-166710.4336,-4334328.792,4389663.998,1883091.815,-10440492.94,-166591.6612
Zn,65.38,30,4,12,2,1,69,4,2,0,10,0,0,6,0,14,12,2,1,4.44,3.322,906.3829082,-60.0138566,1.65,1.44,4.45,1.65,1.59,1.46,3.61,1.42E-10,1.31E-10,7.4E-11,1.4E-10,1.39E-10,1.35E-10,1.379E-10,1.249E-10,6.4E-30,1179.15,7134,0.00039,7.322,115.3,131,116,0.0000302,130.255155,69400000000,43000000000,1.08E+11,8012033050,412000000,5.9E-11,17000000,-4664394.643,4659458.165,2032285.399,-11177189.58,-178948.6242,-4664394.643,4659458.165,2032285.399,-11177189.58,-178948.6242,-4704409.193,4781674.205,2043693.354,-11353349.42,-176427.3277,-4704239.328,4769070.262,2042738.126,-11339754.07,-176293.6425
Ga,69.723,31,4,13,1,1,74,5,2,1,10,0,0,5,0,14,13,3,3,3.44,2.655,578.8153147,41.0062525,1.81,1.7,3.2,1.81,1.756,1.56,5.49,1.36E-10,1.26E-10,6.2E-11,1.34E-10,1.87E-10,1.3E-10,1.408E-10,1.245E-10,8.1E-30,2676.15,5910,0.00037,5.59,258.7,286,40.6,0.0000012,271.123693,56900000000,7500000000,9800000000,6275000,60000000,1.4E-10,7100000,-5045807.87,5040683.753,2189023.695,-12086690.95,-188824.3663,-5045822.226,5040702.315,2189214.836,-12086894.09,-188845.2837,-5092035.343,5182033.224,2202331.782,-12290353.76,-186046.5873,-5091825.284,5167327.145,2201235.21,-12274490.98,-185896.6529
Ge,72.63,32,4,14,1,2,79,6,2,2,10,0,0,4,0,14,14,4,4,4,3.046,762.1373847,119.0628602,2.01,1.99,4.6,2.01,1.994,1.81,7.92,1.25E-10,1.22E-10,7.3E-11,1.14E-10,2.11E-10,1.25E-10,1.366E-10,1.223E-10,6.1E-30,3103.15,5323,0.00032,36.94,330.9,377,59.9,0.000006,371.468405,77200000000,,,,7273402499,0.0000005,2000,-5444781.15,5439463.885,2352305.273,-13037680.13,-198870.1778,-5444840.297,5439538.234,2352872.299,-13038300.74,-198950.0928,-5497948.216,5602219.363,2367728.2,-13272076.45,-195819.3258,-5497690.082,5585131.288,2366472.883,-13253642.62,-195651.6325
As,74.922,33,4,15,1,2,84,6,2,3,10,0,0,3,0,14,15,5,5,3,3.396,944.4946017,77.7671518,2.18,2.27,5.3,2.18,2.211,2.11,11.1,1.14E-10,1.19E-10,5.8E-11,1.15E-10,1.85E-10,1.15E-10,1.39E-10,1.21E-10,4.3E-30,890.15,5776,0.00033,27.7,34.76,302,50,,285.596488,38300000000,,8000000000,,1440000000,3E-10,3300000,-5861520.585,5856005.898,2522361.294,-14030784.24,-209103.5393,-5861657.573,5856174.825,2523388.802,-14031941.17,-209280.0306,-5922412.1,6042628.504,2540119.336,-14299398.06,-205761.879,-5922096.767,6022851.227,2538685.968,-14278059.12,-205574.8437
Se,78.971,34,4,16,1,3,89,7,2,4,10,0,0,2,0,14,16,6,6,2,3.385,940.9246456,194.9967913,2.55,2.54,5.89,2.55,2.434,2.31,14.7,1.03E-10,1.16E-10,1.98E-10,1.18E-10,1.9E-10,1.15E-10,1.4E-10,1.17E-10,3.8E-30,958.15,4809,0.00032,6.694,37.7,227,0.52,,237.353838,8300000000,3700000000,10000000000,,736000000,,,-6296241.586,6290525.523,2699519.984,-15066746.62,-219540.4715,-6296303.259,6290600.022,2699884.498,-15067170.6,-219617.1729,-6365703.625,6503675.646,2719851.512,-15373341.03,-215889.7505,-6365320.581,6480872.406,2718219.094,-15348730.35,-215681.7269
Br,79.904,35,4,17,1,3,95,8,2,5,10,0,0,1,0,14,17,7,7,0,3.726,1139.877334,324.9624904,2.96,2.83,7.59,2.96,2.685,2.56,19.3,9.4E-11,1.14E-10,1.96E-10,1.2E-10,1.85E-10,1.15E-10,,1.142E-10,3.1E-30,331.95,3110,0.000473,5.286,15.438,112,0.122,,117.712066,1900000000,,,,,10000000,1E-10,-6750000,6743243.429,2884091.547,-16146306.5,-230193.1201,-6749180.272,6743262.051,2884169.065,-16146399.28,-230212.1077,-6828107.594,6985791.721,2907255.743,-16494940.34,-226214.7157,-6827644.76,6959593.967,2905401.509,-16466656.25,-225983.9894
Kr,83.798,36,4,18,1,3,101,9,2,6,10,0,0,0,0,14,18,8,8,0,4.056,1350.7942,-60.0138566,3,,,,2.966,2.82,24.6,8.8E-11,1.1E-10,1.36E-10,1.88E-10,2.02E-10,8.8E-11,,,2.5E-30,121.15,3.733,0.000248,1.638,9.029,0,0.00949,,11.1922948,,,,,,,,-7220513.416,7214383.404,3076360.543,-17270186.56,-241070.8081,-7220513.416,7214383.404,3076360.543,-17270186.56,-241070.8081,-7309915.099,7489422.183,3102638.461,-17665229.99,-236745.7537,-7309358.656,7459427.195,3100537.751,-17632833.06,-236490.5394
Rb,85.468,37,5,1,0,1,4,1,1,0,0,0,1,6,10,14,1,1,1,1,2.769,403.0190981,46.9883411,0.82,0.8,2.34,0.82,0.706,0.83,0.342,2.65E-10,2.11E-10,1.52E-10,2.44E-10,2.9E-10,2.35E-10,2.48E-10,2.16E-10,4.73E-29,959.15,1530,0.000363,2.192,72.216,86,58.2,0.000009,82.2054756,3100000000,,2400000000,,216000,1.2E-10,8300000,-7709353.563,7703060.662,3253437.852,-18414441.91,-251410.1637,-7709366.341,7703079.135,3253673.165,-18414689.86,-251428.7758,-7810270.36,8013938.335,3283283.793,-18860768.68,-246723.8116,-7809605.568,7979702.322,3280908.018,-18823773.85,-246442.056
Sr,87.62,38,5,2,0,1,8,2,2,0,0,0,0,6,10,14,2,2,2,2,3.234,549.4837835,5.0172356,0.95,1.13,2,0.95,0.963,1.06,0.744,2.19E-10,1.92E-10,1.18E-10,2.12E-10,2.55E-10,2E-10,2.148E-10,1.914E-10,2.76E-29,1657.15,2640,0.0003,8.3,144,164,35.3,0.0000225,165.954716,12000000000,6100000000,,,,1.3E-10,7700000,-8216379.274,8209914.099,3436659.704,-19601042.59,-261910.486,-8216379.274,8209914.099,3436659.704,-19601042.59,-261910.486,-8329939.073,8560218.692,3470383.758,-20103698.64,-256842.8876,-8329148.703,8521259.476,3467706.63,-20061582.11,-256532.6953
Y,88.906,39,5,3,2,1,12,3,2,0,1,0,0,6,9,14,3,2,1,3,3.379,599.8491101,30.0069283,1.22,1.41,3.19,1.22,1.12,1.11,0.868,2.12E-10,1.62E-10,9E-11,1.79E-10,2.4E-10,1.85E-10,1.797E-10,1.616E-10,2.27E-29,3610.15,4470,0.0003,11.4,363,423,17.2,0.0000106,421.640761,41200000000,26000000000,64000000000,870100000,588000000,5.7E-10,1800000,-8741656.346,8734997.159,3635277.245,-20839086.26,-272844.491,-8741668.26,8735011.673,3635433.772,-20839252.04,-272861.6618,-8869018.301,9128437.14,3672295.278,-21402401.42,-267349.2959,-8868083.037,9084276.093,3669293.25,-21354643.18,-267009.1965
Zr,91.224,40,5,4,2,1,44,4,2,0,2,0,0,6,8,14,4,2,2,4,3.401,640.0834802,41.0062525,1.33,1.7,3.64,1.33,1.32,1.17,1,2.06E-10,1.48E-10,7.2E-11,1.58E-10,2.38E-10,1.55E-10,1.597E-10,1.454E-10,1.79E-29,4650.15,6520,0.00027,16.9,582,609,22.7,0.0000057,603.033125,89800000000,33000000000,67000000000,904000000,650000000,4.2E-10,2400000,-9285704.965,9278843.113,3844351.896,-22124827.49,-284072.4837,-9285756.099,9278904.393,3844804.128,-22125324.55,-284140.0641,-9428122.645,9719435.937,3885117.239,-22754544.32,-278131.4997,-9427020.83,9669537.864,3881763.888,-22700562.79,-277759.7867
Nb,92.906,41,5,5,2,1,47,4,1,0,4,0,1,6,6,14,5,1,3,5,3.523,652.1441427,89.0559319,1.6,2.03,4,1.83,1.41,1.21,1.15,1.98E-10,1.37E-10,7.2E-11,1.43E-10,2.15E-10,1.45E-10,1.456E-10,1.342E-10,1.57E-29,5015.15,8570,0.00026,26.4,682,726,53.7,0.0000073,730.393721,1.7E+11,38000000000,1.05E+11,1320000000,736000000,1.5E-10,6700000,-9848765.557,9841677.745,4073466.196,-23468016.35,-295893.1464,-9849026.645,9841997.066,4075518.31,-23470322.13,-296219.8925,-10007524.59,10333567.41,4117361.027,-24168996.67,-289456.3498,-10006232.02,10277402.02,4113633.539,-24108215.82,-289051.755
Mo,95.95,42,5,6,2,1,50,4,1,0,5,0,1,6,5,14,6,1,4,5.78,3.609,684.2737476,72.0745191,2.16,1.94,3.9,2.16,1.47,1.26,1.32,1.9E-10,1.45E-10,6.9E-11,1.39E-10,2.075E-10,1.45E-10,1.386E-10,1.291E-10,1.28E-29,4885.15,10200,0.00025,32,598,658,138,0.0000048,658.029746,2.61E+11,20000000000,3.29E+11,1530000000,1500000000,5E-11,20000000,-10431146.25,10423843.07,4303135.305,-24850421.94,-307702.6874,-10431538.39,10424313.47,4305903.606,-24853569.42,-308186.0498,-10607707.71,10971736.57,4351365.604,-25630037.38,-300772.5042,-10606197.31,10908637.07,4347227.63,-25561729.28,-300332.7251
Tc,97.907,43,5,7,2,1,53,4,2,0,5,0,0,6,5,14,7,2,5,5.78,3.655,702.412984,53.066915,1.9,2.18,4,2.12,1.51,1.3,1.5,1.83E-10,1.56E-10,6.5E-11,1.36E-10,2.05E-10,1.35E-10,,,1.14E-29,5150.15,11000,0.00021,24,660,677,50.6,,660.924305,2.81E+11,,,,,2E-10,5000000,-11032846.84,11025345.62,4528726.895,-26267577.77,-319341.5971,-11033205.89,11025761.44,4530505.603,-26269699.47,-319773.4814,-11228780.42,11634316.02,4582748.425,-27133917.53,-311927.3558,-11227022.11,11563545.37,4578156.273,-27057273.98,-311449.78
Ru,101.07,44,5,8,2,1,56,4,1,0,7,0,1,6,3,14,8,1,5,5.78,3.676,710.2282933,101.0201091,2.2,1.97,4.5,2.15,1.54,1.35,1.69,1.78E-10,1.26E-10,6.8E-11,1.34E-10,2.05E-10,1.3E-10,1.336E-10,1.241E-10,9.6E-30,4173.15,12100,0.000238,24,595,643,117,0.0000064,650.310922,2.86E+11,1.73E+11,4.47E+11,2298138767,2160000000,7E-11,14000000,-11654545.21,11646799.51,4791014.815,-27760261.22,-332098.3293,-11654711.62,11646995.38,4792047.887,-27761456.97,-332297.9014,-11871317.55,12321642.52,4848890.928,-28717743.05,-324107.943,-11869277.91,12242605.22,4843829.906,-28632120.95,-323592.0795
Rh,102.906,45,5,9,2,1,59,4,1,0,8,0,1,6,2,14,9,1,4,5.78,3.701,719.6838527,109.993242,2.28,1.99,4.3,2.28,1.56,1.39,1.9,1.73E-10,1.35E-10,6.7E-11,1.32E-10,2E-10,1.35E-10,1.342E-10,1.247E-10,8.6E-30,4000.15,12400,0.000242,21.5,493,556,150,0.000008,554.790475,2.76E+11,1.5E+11,2.75E+11,1246000000,1100000000,4.3E-11,23000000,-12296006.86,12288034.63,5049523.218,-29288878.3,-344686.4046,-12296095.85,12288140,5050141.024,-29289583.15,-344793.7087,-12535370.75,13034459.11,5112740.353,-30346442.31,-336127.9152,-12533012.78,12946313.82,5107162.757,-30250918.27,-335571.086
Pd,106.42,46,5,10,2,1,62,4,0,0,10,0,2,6,0,14,10,10,3,5.78,3.101,804.3979461,54.031768,2.2,2.08,4.45,2.2,1.59,1.61,2.13,1.69E-10,1.31E-10,5.9E-11,1.42E-10,1.63E-10,1.4E-10,1.373E-10,1.278E-10,4.8E-30,3413.15,12000,0.00024,17.6,357,378,71.8,0.0000118,375.327817,1.87E+11,44000000000,1.21E+11,461000000,37200000,1E-10,10000000,-12957809.75,12949581.72,5334086.148,-30883430.44,-358047.1934,-12957809.75,12949581.72,5334086.148,-30883430.44,-358047.1934,-13221486.93,13773244.16,5401468.776,-32047348.43,-348851.4479,-13218769.46,13675220.75,5395353.24,-31941090.88,-348252.5739
Ag,107.868,47,5,11,0,1,65,4,1,0,10,0,1,6,0,14,11,1,2,5.44,3.73,730.9726328,126.0098018,1.93,1.07,4.44,1.93,1.87,1.45,2.38,1.65E-10,1.53E-10,1.15E-10,1.44E-10,1.72E-10,1.6E-10,1.442E-10,1.339E-10,7.9E-30,2485.15,10501,0.000235,11.3,250.58,284,429,0.0000189,284.631635,1.04E+11,30000000000,85000000000,251000000,24500000,1.6E-11,62000000,-13639554.45,13631119.73,5596564.275,-32496586.66,-370651.7961,-13639570.57,13631141.03,5596783.577,-32496820.48,-370674.6826,-13929558.28,14538621.29,5671584.39,-33778886.06,-360877.8998,-13926436.72,14429697.49,5664852.913,-33660753.94,-360233.1663
Cd,112.411,48,5,12,0,1,70,4,2,0,10,0,0,6,0,14,12,2,1,4.44,4.064,867.7887882,-69.9518425,1.69,1.4,4.33,1.69,1.52,1.45,2.64,1.61E-10,1.48E-10,9.5E-11,1.57E-10,1.58E-10,1.55E-10,1.543E-10,1.413E-10,7.2E-30,1038.15,8690,0.00023,6.192,99.57,112,96.8,0.0000308,111.922948,51000000000,19000000000,50000000000,,203000000,7E-11,14000000,-14341507.52,14332866.85,5863842.393,-34154873.3,-383343.4474,-14341507.52,14332866.85,5863842.393,-34154873.3,-383343.4474,-14659869.63,15330915.15,5947156.182,-35564968.65,-372972.3259,-14656294.29,15210091.79,5939759.028,-35433865.81,-372279.3121
In,114.818,49,5,13,1,1,75,5,2,1,10,0,0,5,0,14,13,3,3,3.44,3.259,558.2639458,29.0420753,1.78,1.63,3.1,1.78,1.656,1.52,4.02,1.56E-10,1.44E-10,8E-11,1.55E-10,1.93E-10,1.55E-10,1.66E-10,1.497E-10,9.7E-30,2353.15,7310,0.00023,3.263,231.5,243,81.6,0.0000321,243.142956,41100000000,4350000000,11000000000,95000000,8830000,8E-11,12000000,-15063304.95,15054470.29,6129052.39,-35850862.89,-395964.7405,-15063317.41,15054486.59,6129271.459,-35851092.94,-395982.5178,-15412120.57,16150019.77,6220312.669,-37397503.67,-384949.3476,-15408035.77,16016274.74,6212170.269,-37252275.61,-384205.189
Sn,118.71,50,5,14,1,1,80,5,2,2,10,0,0,4,0,14,14,4,4,4,3.672,708.5880432,106.9057124,1.96,1.88,4.3,1.96,1.824,1.7,5.8,1.45E-10,1.41E-10,6.9E-11,1.55E-10,2.17E-10,1.45E-10,1.62E-10,1.412E-10,7.7E-30,2543.15,7287,0.000227,7.029,295.8,302,66.6,0.000022,302.963842,58200000000,18000000000,50000000000,79500000,51000000,1.1E-10,9100000,-15805387.53,15796353.39,6401562.329,-37594572.52,-408730.7406,-15805437.39,15796416.94,6402206.031,-37595263,-408797.3601,-16186904.92,16996894.79,6501344.845,-39288097.71,-397046.8561,-16182249.65,16849090.37,6492400.336,-39127491.33,-396249.0349
Sb,121.76,51,5,15,1,3,85,6,2,3,10,0,0,3,0,14,15,5,5,3,3.984,830.5454624,100.6341679,2.05,2.14,4.85,2.05,1.984,1.88,8.04,1.33E-10,1.38E-10,7.6E-11,1.55E-10,2.06E-10,1.45E-10,1.59E-10,1.41E-10,6.6E-30,2223.15,6685,0.00021,19.87,77.14,262,24.3,0.000011,265.334575,38300000000,20000000000,55000000000,,294000000,4E-10,2500000,-16567892.89,16558655.31,6681179.659,-39386083.12,-421644.7297,-16568005.94,16558796.84,6682332.493,-39387345.86,-421789.421,-16984480.55,17872116.85,6790053.589,-41237384.77,-409266.2324,-16979187.78,17709034.62,6780243.387,-41060053.64,-408412.1625
Te,127.6,52,5,16,1,3,90,6,2,4,10,0,0,2,0,14,16,6,6,2,4.067,869.332553,190.076041,2.1,2.38,5.49,2.52,2.158,2.08,10.8,1.23E-10,1.35E-10,2.21E-10,1.4E-10,2.06E-10,1.4E-10,1.6E-10,1.37E-10,5.5E-30,1262.95,6232,0.0002,17.49,52.55,197,2.35,0.000018,211.302807,65000000000,16000000000,43000000000,,180000000,0.0000001,10000,-17350961.77,17341517.33,6967996.578,-41225762.42,-434713.282,-17351011.82,17341578.74,6968404.122,-41226219.41,-434775.2648,-17805113.5,18776286.47,7086556.949,-43246343.54,-421613.376,-17799109.71,18596621.91,7075812.843,-43050844.01,-420700.4503
I,126.904,53,5,17,1,3,96,8,2,5,10,0,0,1,0,14,17,7,7,0,4.381,1008.36787,295.1485327,2.66,2.76,6.76,2.66,2.359,2.27,14.1,1.15E-10,1.33E-10,2.2E-10,1.6E-10,1.98E-10,1.4E-10,,1.334E-10,5E-30,457.15,4930,0.000214,7.824,20.752,107,0.449,,107.098683,7700000000,,,,,10000,0.0000001,-18154736.75,18145082.31,7262166.433,-43114043.2,-447942.297,-18154749.26,18145097.46,7262252.521,-43114141.79,-447957.454,-18649076.62,19710027.89,7391040.836,-45316051.6,-434093.7612,-18642281.26,19512384.81,7379290.175,-45100836.9,-433119.3541
Xe,131.293,54,5,18,1,3,102,9,2,6,10,0,0,0,0,14,18,8,8,0,4.719,1170.366689,-79.9863137,2.6,,,,2.582,2.45,18,1.08E-10,1.3E-10,1.52E-10,2.32E-10,2.16E-10,1.08E-10,,,4E-30,166.05,5.887,0.000158,2.297,12.636,0,0.00569,,15.437648,,,,,,,,-18979361.71,18969494.32,7563853.748,-45051373.08,-461336.7,-18979361.71,18969494.32,7563853.748,-45051373.08,-461336.7,-19516649.17,20673989.67,7703704.204,-47447631.1,-446711.943,-19508974.11,20456874.47,7690869.764,-47211044.93,-445673.4134
Cs,132.905,55,6,1,0,1,5,1,1,0,0,0,1,6,10,14,1,1,1,1,3.209,375.7137582,45.9270028,0.79,0.77,2.18,0.79,0.659,0.79,0.281,2.98E-10,2.25E-10,1.67E-10,2.64E-10,3.43E-10,2.6E-10,2.67E-10,2.35E-10,5.96E-29,942.15,1930,0.00024,2.092,67.74,79,35.9,0.000097,77.5741812,1570000000,,1700000000,,140000,2E-10,5000000,-19823989.27,19813951.4,7845629.723,-47009330.86,-474239.5255,-19824000.18,19813967.36,7845908.546,-47009620.64,-474255.4413,-20407136.6,21667931.5,7997584.116,-49613832.35,-458819.88,-20398489.7,21429749.24,7983598.955,-49354123.48,-457714.4053
Ba,137.327,56,6,2,0,1,9,2,2,0,0,0,0,6,10,14,2,2,2,2,3.712,502.8813836,13.9903685,0.89,1.08,2.4,0.89,0.881,0.98,0.612,2.53E-10,1.98E-10,1.35E-10,2.23E-10,2.68E-10,2.15E-10,2.215E-10,1.981E-10,3.97E-29,1913.15,3620,0.000204,7.75,142,180,18.4,0.0000206,183.32207,10200000000,4900000000,13000000000,,,3.5E-10,2900000,-20689232.95,20679015.96,8134099.843,-49015073.84,-487274.9046,-20689232.95,20679015.96,8134099.843,-49015073.84,-487274.9046,-21321294.69,22692963.14,8298837.074,-51842063.64,-471031.2695,-21311573.07,22432004.69,8283627.316,-51557348.64,-469856.4265
La,138.906,57,6,3,2,1,13,3,2,0,1,0,0,6,9,14,3,2,1,3,3.84,538.0985181,44.9621498,1.1,1.35,3.1,1.1,1.09,1.04,1.13,1.95E-10,1.69E-10,1.03E-10,1.87E-10,2.5E-10,1.95E-10,1.871E-10,1.69E-10,3.11E-29,3727.15,6150,0.00019,6.2,414,423,13.5,0.0000121,431.289291,27900000000,14000000000,37000000000,491000000,363000000,6.1E-10,1600000,-21575243.77,21564826.17,8441030.045,-51080401.49,-500698.4849,-21575254.45,21564839.41,8441154.909,-51080536.23,-500712.5392,-22259337.5,23749533.33,8617267.171,-54142579.82,-483558.1628,-22248429.61,23464063.06,8600768.965,-53830949.25,-482312.3867
Ce,140.115,58,6,3,3,1,15,3,2,0,1,1,0,6,9,13,4,2,3,3.2,3.774,534.4320767,635.4521858,1.12,1.1,3.1,1.12,1.09,1.05,1.89,1.85E-10,1.65E-10,1.01E-10,1.82E-10,2.48E-10,1.85E-10,1.818E-10,1.646E-10,2.96E-29,3530.15,6770,0.00019,5.46,414,419,11.4,0.0000063,416.816496,21500000000,14000000000,34000000000,270000000,412000000,7.5E-10,1400000,-22483102.43,22472445.89,8800238.946,-53240357.42,-515429.8398,-22483135.8,22472484.16,8800547.419,-53240696.1,-515471.2807,-23222249.67,24838550.95,8986532.162,-56550030.68,-497302.1144,-23210039.53,24526959.02,8968723.981,-56209736.29,-495986.227
Pr,140.908,59,6,3,3,1,17,3,2,0,0,3,0,6,10,11,5,2,3,3.1,3.8,528.0640469,93.2047998,1.13,1.1,3.1,1.13,1.09,1.06,2.92,2.47E-10,1.65E-10,9.9E-11,1.83E-10,2.47E-10,1.85E-10,1.824E-10,1.648E-10,2.82E-29,3290.15,6770,0.00019,6.89,296.8,356,12.5,0.0000067,356.99561,28800000000,15000000000,37000000000,400000000,481000000,7E-10,1400000,-23413327.8,23402397.21,9210813.617,-55495102.16,-531436.4736,-23413462.77,23402544.35,9212250.456,-55496643.62,-531613.9574,-24210696.16,25961137.54,9403538.274,-59063198.09,-512173.8969,-24197058.02,25621696.83,9384419.21,-58692384.78,-510789.279
Nd,144.242,60,6,3,3,1,19,3,2,0,0,4,0,6,10,10,6,2,3,3.1,3.822,533.0812825,185.0588054,1.14,1.2,3.1,1.14,1.09,1.03,4.28,2.06E-10,1.84E-10,1.29E-10,1.82E-10,2.29E-10,1.85E-10,1.818E-10,1.642E-10,3.14E-29,3400.15,7010,0.00019,7.14,273,328,16.5,0.0000096,328.05002,31800000000,16000000000,41000000000,343000000,265000000,6.4E-10,1600000,-24365456.63,24354280.93,9596066.013,-57769046.37,-546757.2086,-24365705.09,24354551.09,9598321.176,-57771503.6,-547073.7494,-25224856.75,27118936.84,9800555.851,-61617900.06,-526449.3705,-25209646.04,26749342.03,9779983.386,-61213979.86,-524991.6141
Pm,144.913,61,6,3,3,1,21,3,2,0,0,5,0,6,10,9,7,2,3,3,3.794,538.5809446,12.0606625,1.13,1.15,3.1,1.16,1.09,1.04,6,2.05E-10,1.63E-10,9.7E-11,1.85E-10,2.43E-10,1.85E-10,,,3.01E-29,3273.15,7260,0.00018,7.88,214,301,15,0.000011,308.75296,33000000000,18000000000,46000000000,410000000,440000000,7.5E-10,1300000,-23413327.8,23402397.21,9210813.617,-55495102.16,-531436.4736,-23413462.77,23402544.35,9212250.456,-55496643.62,-531613.9574,-24210696.16,25961137.54,9403538.274,-59063198.09,-512173.8969,-24197058.02,25621696.83,9384419.21,-58692384.78,-510789.279
Sm,150.36,62,6,3,3,1,23,3,2,0,0,6,0,6,10,8,8,2,3,2.8,3.847,544.5630332,16.0165598,1.17,1.2,3.1,1.17,1.09,1.05,8.13,2.38E-10,1.62E-10,1.22E-10,1.85E-10,2.42E-10,1.85E-10,1.85E-10,1.66E-10,2.88E-29,2067.15,7520,0.0002,8.63,166.4,207,13.3,0.0000127,206.478542,37800000000,20000000000,50000000000,412000000,441000000,9.4E-10,1100000,-26337070.74,26325396.82,10404651.14,-62488877.84,-578240.8814,-26337660.45,26326034.9,10408915.03,-62493647.22,-578963.1486,-27331929.11,29542380.07,10634586.46,-66953163.65,-555731.9842,-27313104.44,29105673.59,10610860.47,-66475515.05,-554123.427
Eu,151.965,63,6,3,3,1,25,3,2,0,0,7,0,6,10,7,9,2,3,2,3.871,547.071651,82.977358,1.2,1.15,3.1,1.18,1.09,1.06,10.7,2.31E-10,1.85E-10,1.17E-10,1.96E-10,2.4E-10,1.85E-10,2.084E-10,1.85E-10,2.77E-29,1802.15,5240,0.00018,9.21,143.5,178,13.9,0.000035,179.462658,14700000000,7900000000,18000000000,167000000,,9E-10,1100000,-27356950.65,27345024,10828060.47,-64935636.16,-594398.954,-27357770.78,27345909.43,10833501.83,-64941791.91,-595390.1118,-28425586.02,30809854.37,11071669.74,-69736379.17,-570730.9432,-28404694.52,30335896.8,11046235.22,-69217781.64,-569044.8865
Gd,157.25,64,6,3,3,1,27,3,2,0,1,7,0,6,9,7,10,2,3,3,4.034,593.384595,13.0255155,1.2,1.1,3.1,1.2,1.09,1.1,13.8,2.33E-10,1.61E-10,9.4E-11,1.76E-10,2.38E-10,1.8E-10,1.795E-10,1.614E-10,2.35E-29,3546.15,7900,0.00023,10.05,359.4,398,10.6,0.0000094,399.449142,37900000000,22000000000,55000000000,570000000,180000000,1.3E-09,770000,-28399124.76,28386976.18,11220665.52,-67397019.1,-609747.354,-28400074.43,28388000.57,11225831.42,-67403051.55,-610854.8739,-29546119.94,32116022.38,11483344.75,-72560477.68,-585009.4073,-29522964.26,31601849.31,11455985.63,-71997559.01,-583240.2036
Tb,158.925,65,6,3,3,1,29,3,2,0,0,9,0,6,10,5,11,2,3,3,3.976,565.7897992,111.3440362,1.2,1.2,3.1,1.21,1.09,1.08,17.4,2.25E-10,1.59E-10,9.2E-11,1.76E-10,2.37E-10,1.75E-10,1.773E-10,1.592E-10,2.55E-29,3503.15,8230,0.00018,10.8,330.9,389,11.1,0.0000103,390.765465,38700000000,22000000000,56000000000,863000000,677000000,1.2E-09,830000,-29465834.17,29453395.52,11713619.73,-70005305.8,-627543.6179,-29466270.16,29453864.51,11715936.6,-70008011.79,-628059.463,-30695042.78,33461136.2,11986522.71,-75541268.46,-601433.2593,-30669427.98,32904486.39,11957386.73,-74931712.55,-599588.5357
Dy,162.5,66,6,3,3,1,31,3,2,0,0,10,0,6,10,4,12,2,3,3,3.963,573.0261967,33.9628256,1.22,1.15,3.1,1.22,1.09,1.09,21.6,2.28E-10,1.59E-10,1.07E-10,1.75E-10,2.35E-10,1.75E-10,1.77E-10,1.589E-10,2.45E-29,2840.15,8550,0.00017,11.06,230.1,291,10.7,0.00001,293.315312,40500000000,25000000000,61000000000,540000000,500000000,9.1E-10,1100000,-30555226.79,30542529.06,12176038.58,-72629264.13,-644530.3272,-30555510.66,30542833.88,12177422.81,-72630903.65,-644863.6817,-31871621.49,34846987.29,12464589.27,-78566063.95,-617134.0906,-31843319.3,34244547.02,12433451.86,-77906109.71,-615208.4649
Ho,164.93,67,6,3,3,1,33,3,2,0,0,11,0,6,10,3,13,2,3,3,3.994,581.0344766,32.9979726,1.23,1.2,3.1,1.23,1.09,1.1,26.4,2.26E-10,1.58E-10,9E-11,1.77E-10,2.33E-10,1.75E-10,1.761E-10,1.58E-10,2.36E-29,2973.15,8800,0.00016,12.2,241,301,16.2,0.0000112,302.963842,40200000000,26000000000,64000000000,481000000,746000000,9.4E-10,1100000,-31668178.58,31655219.77,12651750.53,-75313355,-661793.8876,-31668340.76,31655393.63,12652483.58,-75314234.8,-661983.1599,-33076630.94,36274409.42,12956637.85,-81674611.34,-633066.8743,-33045401.93,35622964.9,12923392.78,-80960700.11,-631059.4984
Er,167.259,68,6,3,3,1,35,3,2,0,0,12,0,6,10,2,14,2,3,3,4.018,589.3322124,30.0069283,1.24,1.2,3.1,1.24,1.09,1.11,31.9,2.26E-10,1.57E-10,8.9E-11,1.75E-10,2.32E-10,1.75E-10,1.748E-10,1.567E-10,2.27E-29,3141.15,9070,0.00017,19.9,261,317,14.3,0.0000122,317.436637,44400000000,28000000000,70000000000,588000000,814000000,8.6E-10,1200000,-32804882.9,32791661.14,13140916.32,-78058125.37,-679335.0054,-32804956.02,32791739.41,13141224.93,-78058500.48,-679419.8852,-34310478.23,37744531.52,13462846.97,-84868625.77,-649230.9567,-34276064.86,37040666,13427383.55,-84096973.26,-647141.1638
Tm,168.934,69,6,3,3,1,37,3,2,0,0,13,0,6,10,1,15,2,3,3,3.921,596.6650952,98.9939178,1.25,1.2,3.1,1.25,1.09,1.12,38.1,2.22E-10,1.56E-10,1.03E-10,1.75E-10,2.3E-10,1.75E-10,1.743E-10,1.562E-10,2.18E-29,2223.15,9320,0.00016,16.84,191,232,16.8,0.0000133,233.494426,44500000000,31000000000,74000000000,520000000,471000000,7E-10,1400000,-33965532.93,33952046.39,13643702.51,-80864127.29,-697154.5259,-33965551.47,33952066.16,13643775.92,-80864217.63,-697175.929,-35573578.3,39258530.48,13983401.63,-88149884.62,-665625.7865,-35535703.67,38498611.64,13945604.76,-87316466.98,-663453.0986
Yb,173.045,70,6,3,3,1,39,3,2,0,0,14,0,6,10,0,16,2,3,2,4.048,603.4190662,-2.0261913,1.1,1.1,3.1,1.26,1.09,1.13,45.1,2.22E-10,1.56E-10,1.02E-10,1.9E-10,2.28E-10,1.75E-10,1.933E-10,1.699E-10,2.1E-29,1469.15,6900,0.00015,7.66,128.9,152,34.9,0.0000263,154.37648,30500000000,10000000000,24000000000,206000000,343000000,2.8E-10,3600000,-35150321.57,35136568.44,14160280.06,-83731916.7,-715253.3918,-35150321.57,35136568.44,14160280.06,-83731916.7,-715253.3918,-36866354.33,40817634.61,14518491.82,-91520229.93,-682250.8568,-36824721.04,39997800.52,14478241.96,-90620768.53,-679995.0167
Lu,174.967,71,6,3,2,1,41,3,2,0,1,14,0,6,9,0,17,2,1,3,4.034,523.5292378,32.9979726,1.27,1.2,3.1,1.27,1.09,1.12,52.9,2.17E-10,1.6E-10,8.6E-11,1.75E-10,2.27E-10,1.75E-10,1.738E-10,1.557E-10,2.19E-29,3675.15,9840,0.00015,18.6,355.9,427,16.4,0.00001,427.429879,47600000000,27000000000,67000000000,1160000000,893000000,5.7E-10,1800000,-36358528.86,36344543.22,14637754.06,-86608436.55,-732389.5708,-36358540.39,36344557.32,14638016.85,-86608708.32,-732406.2244,-38188735.8,42423448.2,15021371.53,-94935522.34,-698033.1626,-38143016.47,41539206.89,14978231.04,-93964769.03,-695685.3906
Hf,178.49,72,6,4,2,1,45,4,2,0,2,14,0,6,8,0,18,2,2,4,4.298,658.5121725,2.0261913,1.3,1.73,3.8,1.39,1.16,1.2,61.3,2.08E-10,1.5E-10,7.1E-11,1.58E-10,2.25E-10,1.55E-10,1.585E-10,1.442E-10,1.62E-29,4873.15,13300,0.00014,24.06,575,619,23,0.0000059,621.365332,1.09E+11,30000000000,78000000000,1760000000,1700000000,3E-10,3300000,-37590579.76,37576357.9,15124422.27,-89541704.25,-749655.6911,-37590628.31,37576416.48,15125147.12,-89542471.98,-749719.9319,-39541092.36,44076650.88,15533697.49,-98437568.54,-713872.1819,-39490940.27,43123516.11,15487610.68,-97390633.14,-711433.922
Ta,180.948,73,6,5,2,1,48,4,2,0,3,14,0,6,7,0,19,2,3,5,4.593,728.464015,29.7174724,1.5,1.94,4.11,1.79,1.34,1.26,71,2E-10,1.38E-10,7.2E-11,1.45E-10,2.2E-10,1.45E-10,1.457E-10,1.343E-10,1.31E-29,5698.15,16400,0.00014,31.6,743,782,57.5,0.0000063,781.53093,1.96E+11,67000000000,1.86E+11,873000000,800000000,1.3E-10,7700000,-38846593.97,38832133.37,15620038.56,-92531704.39,-767061.5116,-38846706.68,38832267.74,15621308.76,-92533079.41,-767203.7743,-40923801.85,45778565.14,16055720.74,-102028295.4,-729792.3002,-40868845.7,44751779.38,16006540.05,-100899901.5,-727263.5971
W,183.84,74,6,6,2,1,51,4,2,0,4,14,0,6,6,0,20,2,4,5.78,4.593,758.7603992,77.8636371,2.36,1.79,4.4,2.36,1.47,1.31,81.4,1.93E-10,1.46E-10,6.6E-11,1.35E-10,2.1E-10,1.35E-10,1.394E-10,1.299E-10,1.11E-29,5933.15,19300,0.00013,35.4,824,849,174,0.0000045,858.71917,3.11E+11,1.61E+11,4.11E+11,3430000000,2570000000,5E-11,20000000,-40126694.88,40111993.36,16124861.47,-95578931.73,-784617.9676,-40126899.8,40112235.2,16126739.78,-95581005.85,-784868.9418,-42337259.83,47530601.54,16587885.74,-105709938.8,-745808.3044,-42277101.7,46425109.09,16535442.01,-104494463.6,-743189.1345
Re,186.207,75,6,7,2,1,54,4,2,0,5,14,0,6,5,0,21,2,5,5.78,4.564,755.8658402,13.8938832,1.9,2.06,4.02,2.83,1.6,1.35,92.9,1.88E-10,1.59E-10,6.3E-11,1.37E-10,2.05E-10,1.35E-10,1.373E-10,1.278E-10,9.7E-30,5873.15,20800,0.00013,33.2,715,770,47.9,0.0000062,774.776959,3.34E+11,1.78E+11,4.63E+11,2450000000,1320000000,1.8E-10,5600000,-41431009.67,41416065.17,16639200.45,-98683941.03,-802334.2535,-41431335.55,41416446.47,16641742.08,-98686799.09,-802724.9935,-43781878.14,49334252.02,17130616.7,-109484816.3,-761930.5679,-43716091.52,48144676.77,17074727.76,-108176275,-759221.0597
Os,190.23,76,6,8,2,1,57,4,2,0,6,14,0,6,4,0,22,2,5,5.78,5.648,814.1429614,102.8533298,2.2,1.85,4.9,2.78,1.65,1.39,105.3,1.85E-10,1.28E-10,6.3E-11,1.35E-10,2E-10,1.3E-10,1.35E-10,1.255E-10,8.5E-30,5303.15,22570,0.00013,31.8,746,791,87.6,0.0000051,788.284901,3.73E+11,2.22E+11,,4137063913,3920000000,8E-11,12000000,-42759668.6,42744479.08,17163348.8,-101847278.6,-820217.9255,-42759878.85,42744722.89,17164753.22,-101848888.8,-820466.1192,-45258083.95,51191091.94,17684293.83,-113355303,-778166.7308,-45186211.88,49911714.46,17624766.59,-111947325.7,-775367.252
Ir,192.217,77,6,9,2,1,60,4,2,0,7,14,0,6,3,0,23,2,4,5.78,4.908,865.1836851,148.7803326,2.2,1.87,5.4,2.2,1.68,1.43,118.8,1.8E-10,1.37E-10,6.8E-11,1.36E-10,2E-10,1.35E-10,1.355E-10,1.26E-10,7.6E-30,4403.15,22420,0.00013,26.1,604,665,147,0.0000064,669.607982,3.71E+11,2.1E+11,5.28E+11,1760000000,1670000000,4.7E-11,21000000,-44112804.2,44097367.78,17697573.92,-105069470.7,-838275.2271,-44112923.37,44097504.94,17698279.83,-105070293.9,-838414.2499,-46766319.52,53102783.79,18249258.27,-117323839,-794522.5587,-46687872.57,51727517.48,18185889.23,-115809645.5,-791633.7762
Pt,195.084,78,6,10,2,1,63,4,1,0,9,14,1,6,1,0,24,1,3,5.78,4.883,864.4118027,204.1628948,2.28,1.91,5.6,2.28,1.72,1.49,133.4,1.77E-10,1.28E-10,8E-11,1.39E-10,1.75E-10,1.35E-10,1.385E-10,1.29E-10,6.5E-30,4100.15,21460,0.00013,19.6,510,565,71.6,0.0000089,563.474152,2.76E+11,61000000000,1.68E+11,549000000,392000000,1.1E-10,9400000,-45490926.29,45475216.53,18269144.53,-108378250.7,-857036.5827,-45490962.33,45475260.79,18269663.43,-108378804.9,-857081.7019,-48307141.08,55070491.39,18845927.84,-121412162.4,-811397.9337,-48221593.37,53593174.05,18778596.83,-119784940.5,-808423.7515
Au,196.967,79,6,11,2,1,66,4,1,0,10,14,1,6,0,0,25,1,2,5.44,4.938,890.1733778,223.0740136,2.54,1.19,5.77,2.54,1.92,1.53,149.1,1.74E-10,1.44E-10,1.37E-10,1.43E-10,1.66E-10,1.35E-10,1.439E-10,1.336E-10,6.1E-30,3353.15,19282,0.000128,12.55,334.4,366,317,0.0000142,367.608993,1.71E+11,27000000000,78000000000,216000000,2450000000,2.2E-11,45000000,-46893506.61,46877544.7,18826268.77,-111721817.7,-875502.3412,-46893521.39,46877564.18,18826568.77,-111722131.3,-875523.0853,-49880889.18,57097255.38,19435955.37,-125586057.8,-828042.1413,-49787681.04,55510697.24,19364355.99,-123837752.9,-824981.3623
Hg,200.592,80,6,12,2,1,71,4,2,0,10,14,0,6,0,0,26,2,1,4.44,4.04,1007.113561,-49.9793854,2,1.49,4.91,2,1.76,1.54,166,1.71E-10,1.49E-10,1.19E-10,1.52E-10,1.55E-10,1.5E-10,1.57E-10,1.44E-10,5.4E-30,630.15,13533.6,0.000139,2.295,59.229,61,8.34,0.000181,64.645151,38200000000,,,,,9.6E-10,1000000,-48320421.96,48304233.58,19363049.36,-115094167.4,-893537.5282,-48320421.96,48304233.58,19363049.36,-115094167.4,-893537.5282,-51487855.46,59185017.27,20014869.01,-129843394.7,-844347.0896,-51386389.13,57481497.2,19938647.06,-127965335.4,-841197.9652
Tl,204.383,81,6,13,1,1,76,5,2,1,10,14,0,5,0,0,27,3,3,3.44,4.07,589.3322124,35.9890169,1.62,1.69,3.2,2.04,1.789,1.59,3.3,1.56E-10,1.48E-10,1.5E-10,1.72E-10,1.96E-10,1.9E-10,1.712E-10,1.549E-10,7.6E-30,1730.15,11800,0.00013,4.142,164.1,182,46.1,0.0000299,181.392364,28500000000,2800000000,8000000000,,26400000,1.5E-10,6700000,-49771492.26,49755090.13,19893263.12,-118508386.1,-911459.438,-49771503.99,49755105.57,19893576.97,-118508710.5,-911476.0758,-53127837.73,61334120.01,20584518.8,-134186068.1,-860408.4336,-53017461.37,59505887.37,20503022.69,-132169204.9,-857166.5502
Pb,207.2,82,6,14,1,1,81,5,2,2,10,14,0,4,0,0,28,4,4,2.44,4.426,715.6314701,33.9628256,1.87,1.92,3.9,2.33,1.854,1.76,4.77,1.54E-10,1.47E-10,1.19E-10,1.74E-10,2.02E-10,1.8E-10,1.746E-10,1.538E-10,6.8E-30,2013.15,11342,0.00013,4.799,177.7,196,35.3,0.0000289,195.865159,45800000000,5600000000,16000000000,49040000,38300000,2.1E-10,4800000,-51247116.52,51230495.87,20431626.45,-121979752.6,-929486.1945,-51247162.78,51230555.23,20432541.75,-121980712,-929547.8124,-54801765.08,63547555.42,21164116.61,-138636914.1,-876522.9807,-54681783.8,61586147.63,21077103.35,-136471844,-873190.7276
Bi,208.98,83,6,15,1,1,86,5,2,3,10,14,0,3,0,0,29,5,5,3,4.389,702.9918958,90.9856379,2.02,2.14,4.69,2.02,2.01,1.83,6.61,1.43E-10,1.46E-10,1.03E-10,1.62E-10,2.3E-10,1.6E-10,1.7E-10,1.52E-10,7.4E-30,1833.15,9807,0.00012,11.3,104.8,207,7.87,0.0000134,210.337954,31500000000,12000000000,32000000000,,94200000,1.3E-09,770000,-52747383.14,52730540.74,20977743.58,-125508047.5,-947619.9402,-52747486.82,52730671.44,20979366.76,-125509772.6,-947752.4308,-56510130.15,65827615.55,21753240.28,-143198298.3,-892687.7536,-56379800.01,63724004.28,21660398.53,-140874935.4,-889267.4229
Th,232.038,90,7,3,2,1,16,3,2,0,2,0,0,6,8,14,4,2,2,4,4.679,608.5327871,117.1331542,1.3,1.3,2.8784,3.2,1.11,1.03,0.752,1.8E-10,2.06E-10,9.4E-11,1.78E-10,2.4E-10,1.8E-10,1.795E-10,1.652E-10,3.21E-29,5063.15,11720,0.00012,16.1,514.4,576,54,0.000011,598.20886,54000000000,31000000000,79000000000,350000000,400000000,1.5E-10,6700000,-63940986.52,63922643.28,24899336.04,-151687127.2,-1075838.645,-63941026.24,63922692.38,24899831.42,-151687662,-1075888.002,-69472679.8,83872937.14,26024977.04,-178365339.6,-1005254.399,-69244375.01,80464643.15,25882158.16,-174589825.5,-1001350.816
U,238.029,92,7,3,3,1,20,3,2,0,1,3,0,6,9,11,6,2,3,5.78,4.721,597.6299482,50.9442384,1.38,1.7,3.3168,3.4,1.22,1.06,2.92,1.75E-10,1.96E-10,1.025E-10,1.58E-10,1.86E-10,1.75E-10,1.516E-10,1.421E-10,2.74E-29,4091.15,18950,0.00012,14,477,490,27.6,0.0000139,535.493415,97900000000,1.11E+11,2.08E+11,1960000000,2400000000,2.8E-10,3600000,-67366176.17,67347307.46,26232930.51,-159830491,-1115923.165,-67366324.85,67347475.31,26234315.57,-159832016.7,-1116099.06,-73516972.93,89790504.43,27450033.74,-189717802.2,-1039708.88,-73250509.18,85887442.35,27290623.59,-185392813.9,-1035761.207
,,,,,,,,,,,,,,,,,,,,,,,,,,,,,,,,,,,,,,,,,,,,,,,,,,,,,,,,,,,,,,,,,,,,,,,,,,,
,,,,,,,,,,,,,,,,,,,,,,,,,,,,,,,,,,,,,,,,,,,,,,,,,,,,,,,,,,,,,,,,,,,,,,,,,,,
,,,,,,,,,,,,,,,,,,,,,,,,,,,,,,,,,,,,,,,,,,,,,,,,,,,,,,,,,,,,,,,,,,,,,,,,,,,
,,,,,,,,,,,,,,,,,,,,,,,,,,,,,,,,,,,,,,,,,,,,,,,,,,,,,,,,,,,,,,,,,,,,,,,,,,,
,,,,,,,,,,,,,,,,,,,,,,,,,,,,,,,,,,,,,,,,,,,,,,,,,,,,,,,,,,,,,,,,,,,,,,,,,,,
